"model","RMSE_log","MAE_log","RMSE_dollars","MAE_dollars","R2_dollars"
"WeightedEnsemble",0.112087427559345,0.0775919963655306,21984.4986061018,13814.046042616,0.922364407953999
"ElasticNet",0.113552749145549,0.079202398316724,21778.4660576255,14030.016134902,0.923812747230878
"Lasso",0.117221064813803,0.0810105875568051,21924.580807268,14277.7702539298,0.922787016155627
"Ridge",0.119269557269332,0.0829736922910378,22697.6352484981,14694.197641669,0.917246005912364
"GradientBoosting",0.12104617189943,0.0841058691243085,24722.9452263939,15178.2573119214,0.901818841535852
"XGBoost",0.121237076450309,0.0824782180117176,23994.8483933531,14796.6098766462,0.907516605997811
"MARS",0.123455424676368,0.0871003534416596,22806.4467136485,15335.1613523772,0.916450666042535
"Linear",0.125384825231934,0.0862113159284207,23342.0713165623,15176.2523890656,0.912480158593401
"SVM",0.12613686773757,0.0847025493072197,24700.1398161122,15022.6044782797,0.901999890264576
"RandomForest",0.135433617050229,0.0917186754334112,27739.35530736,16667.789957927,0.876399432283385
"KNN",0.19509751465449,0.139850233870947,41602.9585848101,25690.4439574461,0.721979915030767
