"alpha","lambda","RMSE","Rsquared","MAE","RMSESD","RsquaredSD","MAESD"
0.25,0.001,0.1190379701319,0.911956276964069,0.0828156134088769,0.00486180566108579,0.01183501523832,0.00350976072193705
0.25,0.01,0.113535878540173,0.919378597938914,0.0792105420178517,0.00225087892549471,0.00780179237982866,0.00357974663509118
0.25,0.1,0.139175253020112,0.891820552876202,0.0959462949180803,0.00779686860233125,0.0165513797981885,0.00538792050276221
0.5,0.001,0.11824262594105,0.912942524510701,0.0818608276079492,0.00406806144768146,0.0106303380215823,0.00327034187447405
0.5,0.01,0.113616296256606,0.919590838739086,0.0798267458466744,0.002724827138487,0.00775403902080494,0.00273959415865733
0.5,0.1,0.160595954996402,0.872300900542153,0.11245745671466,0.00840846260577347,0.016807706651106,0.00508980922850059
0.75,0.001,0.117810391577145,0.913485242777411,0.0813938824762855,0.00354402651312227,0.00989675996490642,0.00332220690289874
0.75,0.01,0.116103947009591,0.916454514816254,0.0818745598138991,0.00302606870971963,0.00830641630828984,0.00263765638977834
0.75,0.1,0.180797174443635,0.853235805737654,0.128705241366639,0.00810901771135162,0.0161632457935773,0.0042287792036618
