"feature","Overall"
"TotalSF",100
"OverallQual",85.4024702948448
"GrLivArea",80.2259035720508
"OverallCond",58.9054229427528
"LotArea",50.8479899477582
"PropertyAge",42.1726075109175
"SaleCondition_Normal",34.8114360026996
"TotBathrooms",32.5334306269832
"Functional",29.083238467132
"SaleType_New",27.5450775733625
"GarageCars",27.2816120060793
"KitchenQual",23.1627638563494
"X1stFlrSF",22.8762771384024
"YearBuilt",22.3096789862879
"Neighborhood_Crawfor",21.3626499528453
"Neighborhood_StoneBr",20.7577449492844
"Exterior1st_BrkFace",19.8781390612447
"BsmtFinSF1",19.3655252103985
"Neighborhood_NridgHt",19.1250655418703
"GarageArea",18.0488441917693
"KitchenAbvGr",17.4644075074284
"Foundation_PConc",16.0823893194434
"BsmtUnfSF",15.3914068652606
"Condition1_Norm",14.796163430647
"ExterQual",14.2807908344317
"Fireplaces",12.8870719071513
"Neighborhood_NoRidge",12.826148638487
"BsmtExposure",11.8025227273771
"CentralAir_Y",11.3738150173389
"Neighborhood_BrkSide",11.2231694578869
"YearRemodAdd",10.5418328727934
"LotConfig_CulDSac",10.0348476345502
"BsmtFinType1",9.98243229935979
"TotRmsAbvGrd",9.90467146785033
"MSZoning_FV",9.77486599523592
"MSSubClass_X30",9.76309279755079
"SaleCondition_Partial",9.04175558265353
"RoofMatl_WdShngl",8.87473324862655
"Street_Pave",8.41265552556787
"HeatingQC",8.3664832166217
"MSZoning_RL",8.01963895781896
"Condition1_RRAe",7.58796362414561
"FireplaceQu",7.49230267871541
"WoodDeckSF",7.37329680414028
"ScreenPorch",7.26512596739745
"HalfBath",6.89336599242941
"GarageQual",6.78387018846965
"Foundation_Slab",6.72801169538975
"Neighborhood_IDOTRR",6.64406115254816
"MasVnrType_Stone",6.59918358859339
"TotalPorchSF",6.58810619964207
"Exterior1st_BrkComm",6.38370780458447
"GarageType_CarPort",6.0462085485863
"PavedDrive_Y",5.98414190638044
"SaleType_CWD",5.83566898145152
"LotFrontage",5.80499463036925
"Neighborhood_Somerst",5.62650986799109
"MSSubClass_X160",5.16389947485944
"BsmtQual",4.94018476916886
"GarageFinish",4.89519011700535
"Neighborhood_MeadowV",4.8557852564006
"RoofMatl_Membran",4.82687238285478
"Neighborhood_NWAmes",4.73023295931198
"MoSold_X5",4.64961166602535
"SaleCondition_Alloca",4.48431757094507
"Exterior1st_MetalSd",4.20862304117252
"YrSold",4.19544478193423
"Alley_Pave",3.98067442057571
"Exterior1st_Stucco",3.8848917437638
"RoofStyle_Gable",3.83526647801231
"Neighborhood_Mitchel",3.82716997614103
"GarageType_Basment",3.68938253298909
"SaleType_Oth",3.64239302670811
"LandContour_HLS",3.52953225142494
"Neighborhood_Edwards",3.39395772338184
"GarageType_BuiltIn",3.22664464117799
"Condition1_RRNn",3.18957319228187
"Exterior2nd_VinylSd",3.09325681040301
"SaleCondition_AdjLand",2.81620951632488
"IsNew",2.81371118509427
"LotConfig_FR2",2.78774505873369
"Heating_OthW",2.74237021852513
"MSSubClass_X190",2.34493799143994
"ExterCond",2.03916888234157
"Foundation_Wood",2.03535903821564
"BedroomAbvGr",1.93027352164558
"Heating_GasW",1.89706636684192
"MSSubClass_X40",1.83535924897386
"GarageYrBlt",1.81517631924168
"TotalBsmtSF",1.74326376966892
"Condition1_PosN",1.63353784329856
"Neighborhood_NPkVill",1.44334370163455
"LandSlope_Sev",1.39655075035083
"PoolArea",1.37800973493462
"MoSold_X11",1.31264390345129
"MoSold_X10",1.19917213497607
"Utilities_NoSeWa",1.18806760271019
"Heating_Grav",1.07481781467312
"RoofMatl_Metal",1.01734655242156
"SaleType_ConLD",0.933493816364142
"LotConfig_FR3",0.916152356718607
"Exterior2nd_CmentBd",0.885284801006686
"Condition1_RRAn",0.828271722123028
"Condition1_RRNe",0.729156321174385
"BsmtFinSF2",0.688447738101249
"OpenPorchSF",0.600973212315439
"Condition2_PosA",0.542395622080217
"GarageType_Detchd",0.481166643566981
"Electrical_FuseF",0.450596232142537
"Exterior2nd_Wd.Shng",0.433870081093238
"Exterior1st_Wd.Sdng",0.431739194644693
"SaleType_ConLw",0.369188890060236
"MiscFeature_TenC",0.357768319342526
"Condition2_RRAe",0.197835809534638
"LandContour_Lvl",0.189005289920828
"Neighborhood_SWISU",0.139040786488724
"Neighborhood_Veenker",0.104975377527863
"MasVnrType_missing",0.0901424951422242
"LotShape_IR2",0.0701190481993323
"SaleType_Con",0.0683469096676606
"MasVnrArea",0.061536396390945
"RoofStyle_Shed",0.0316097780745254
"BsmtCond",0
"BsmtFinType2",0
"X2ndFlrSF",0
"LowQualFinSF",0
"BsmtFullBath",0
"BsmtHalfBath",0
"FullBath",0
"GarageCond",0
"EnclosedPorch",0
"X3SsnPorch",0
"PoolQC",0
"Fence",0
"MiscVal",0
"Remod",0
"YearsSinceRemodel",0
"MSSubClass_X180",0
"MSSubClass_X20",0
"MSSubClass_X45",0
"MSSubClass_X50",0
"MSSubClass_X60",0
"MSSubClass_X70",0
"MSSubClass_X75",0
"MSSubClass_X80",0
"MSSubClass_X85",0
"MSSubClass_X90",0
"MSZoning_RH",0
"MSZoning_RM",0
"Alley_None",0
"LotShape_IR3",0
"LotShape_Reg",0
"LandContour_Low",0
"LotConfig_Inside",0
"LandSlope_Mod",0
"Neighborhood_Blueste",0
"Neighborhood_BrDale",0
"Neighborhood_ClearCr",0
"Neighborhood_CollgCr",0
"Neighborhood_Gilbert",0
"Neighborhood_NAmes",0
"Neighborhood_OldTown",0
"Neighborhood_Sawyer",0
"Neighborhood_SawyerW",0
"Neighborhood_Timber",0
"Condition1_Feedr",0
"Condition1_PosA",0
"Condition2_Feedr",0
"Condition2_Norm",0
"Condition2_PosN",0
"Condition2_RRAn",0
"Condition2_RRNn",0
"BldgType_X2fmCon",0
"BldgType_Duplex",0
"BldgType_Twnhs",0
"BldgType_TwnhsE",0
"HouseStyle_X1.5Unf",0
"HouseStyle_X1Story",0
"HouseStyle_X2.5Fin",0
"HouseStyle_X2.5Unf",0
"HouseStyle_X2Story",0
"HouseStyle_SFoyer",0
"HouseStyle_SLvl",0
"RoofStyle_Gambrel",0
"RoofStyle_Hip",0
"RoofStyle_Mansard",0
"RoofMatl_Roll",0
"RoofMatl_Tar.Grv",0
"RoofMatl_WdShake",0
"Exterior1st_AsphShn",0
"Exterior1st_CBlock",0
"Exterior1st_CemntBd",0
"Exterior1st_HdBoard",0
"Exterior1st_ImStucc",0
"Exterior1st_Plywood",0
"Exterior1st_Stone",0
"Exterior1st_VinylSd",0
"Exterior1st_WdShing",0
"Exterior2nd_AsphShn",0
"Exterior2nd_Brk.Cmn",0
"Exterior2nd_BrkFace",0
"Exterior2nd_CBlock",0
"Exterior2nd_HdBoard",0
"Exterior2nd_ImStucc",0
"Exterior2nd_MetalSd",0
"Exterior2nd_Other",0
"Exterior2nd_Plywood",0
"Exterior2nd_Stone",0
"Exterior2nd_Stucco",0
"Exterior2nd_Wd.Sdng",0
"MasVnrType_BrkFace",0
"MasVnrType_None",0
"Foundation_CBlock",0
"Foundation_Stone",0
"Heating_GasA",0
"Heating_Wall",0
"Electrical_FuseP",0
"Electrical_Mix",0
"Electrical_SBrkr",0
"Electrical_missing",0
"GarageType_Attchd",0
"GarageType_None",0
"PavedDrive_P",0
"MiscFeature_None",0
"MiscFeature_Othr",0
"MiscFeature_Shed",0
"MoSold_X12",0
"MoSold_X2",0
"MoSold_X3",0
"MoSold_X4",0
"MoSold_X6",0
"MoSold_X7",0
"MoSold_X8",0
"MoSold_X9",0
"SaleType_ConLI",0
"SaleType_WD",0
"SaleCondition_Family",0
