"Id","split"
1,"holdout"
2,"analysis"
3,"analysis"
4,"analysis"
5,"analysis"
6,"analysis"
7,"analysis"
8,"analysis"
9,"analysis"
10,"analysis"
11,"analysis"
12,"holdout"
13,"analysis"
14,"holdout"
15,"analysis"
16,"analysis"
17,"analysis"
18,"analysis"
19,"analysis"
20,"analysis"
21,"analysis"
22,"analysis"
23,"holdout"
24,"analysis"
25,"analysis"
26,"analysis"
27,"analysis"
28,"analysis"
29,"analysis"
30,"analysis"
31,"holdout"
32,"analysis"
33,"analysis"
34,"analysis"
35,"analysis"
36,"analysis"
37,"holdout"
38,"analysis"
39,"analysis"
40,"analysis"
41,"analysis"
42,"analysis"
43,"analysis"
44,"analysis"
45,"analysis"
46,"analysis"
47,"holdout"
48,"analysis"
49,"holdout"
50,"holdout"
51,"analysis"
52,"analysis"
53,"analysis"
54,"holdout"
55,"analysis"
56,"holdout"
57,"analysis"
58,"analysis"
59,"analysis"
60,"analysis"
61,"analysis"
62,"analysis"
63,"analysis"
64,"holdout"
65,"holdout"
66,"analysis"
67,"analysis"
68,"analysis"
69,"holdout"
70,"analysis"
71,"analysis"
72,"analysis"
73,"analysis"
74,"analysis"
75,"analysis"
76,"analysis"
77,"analysis"
78,"holdout"
79,"holdout"
80,"holdout"
81,"analysis"
82,"analysis"
83,"analysis"
84,"analysis"
85,"analysis"
86,"holdout"
87,"analysis"
88,"analysis"
89,"analysis"
90,"analysis"
91,"analysis"
92,"analysis"
93,"analysis"
94,"analysis"
95,"analysis"
96,"analysis"
97,"analysis"
98,"analysis"
99,"analysis"
100,"analysis"
101,"analysis"
102,"analysis"
103,"analysis"
104,"holdout"
105,"analysis"
106,"analysis"
107,"analysis"
108,"analysis"
109,"analysis"
110,"analysis"
111,"holdout"
112,"analysis"
113,"analysis"
114,"analysis"
115,"holdout"
116,"holdout"
117,"analysis"
118,"analysis"
119,"analysis"
120,"analysis"
121,"analysis"
122,"analysis"
123,"analysis"
124,"analysis"
125,"analysis"
126,"analysis"
127,"holdout"
128,"analysis"
129,"analysis"
130,"analysis"
131,"analysis"
132,"analysis"
133,"analysis"
134,"analysis"
135,"holdout"
136,"analysis"
137,"holdout"
138,"analysis"
139,"analysis"
140,"analysis"
141,"analysis"
142,"analysis"
143,"analysis"
144,"analysis"
145,"analysis"
146,"analysis"
147,"analysis"
148,"analysis"
149,"analysis"
150,"analysis"
151,"analysis"
152,"holdout"
153,"analysis"
154,"holdout"
155,"analysis"
156,"analysis"
157,"analysis"
158,"holdout"
159,"holdout"
160,"analysis"
161,"analysis"
162,"analysis"
163,"analysis"
164,"holdout"
165,"analysis"
166,"analysis"
167,"analysis"
168,"holdout"
169,"analysis"
170,"analysis"
171,"analysis"
172,"analysis"
173,"holdout"
174,"analysis"
175,"holdout"
176,"analysis"
177,"analysis"
178,"analysis"
179,"analysis"
180,"holdout"
181,"analysis"
182,"holdout"
183,"analysis"
184,"holdout"
185,"analysis"
186,"analysis"
187,"analysis"
188,"analysis"
189,"analysis"
190,"analysis"
191,"analysis"
192,"holdout"
193,"holdout"
194,"analysis"
195,"analysis"
196,"holdout"
197,"analysis"
198,"analysis"
199,"analysis"
200,"analysis"
201,"analysis"
202,"analysis"
203,"holdout"
204,"analysis"
205,"analysis"
206,"holdout"
207,"analysis"
208,"analysis"
209,"holdout"
210,"analysis"
211,"analysis"
212,"holdout"
213,"holdout"
214,"analysis"
215,"analysis"
216,"analysis"
217,"analysis"
218,"holdout"
219,"analysis"
220,"analysis"
221,"analysis"
222,"analysis"
223,"analysis"
224,"analysis"
225,"analysis"
226,"analysis"
227,"analysis"
228,"analysis"
229,"holdout"
230,"analysis"
231,"analysis"
232,"analysis"
233,"analysis"
234,"analysis"
235,"holdout"
236,"analysis"
237,"analysis"
238,"analysis"
239,"analysis"
240,"analysis"
241,"analysis"
242,"analysis"
243,"analysis"
244,"analysis"
245,"analysis"
246,"analysis"
247,"analysis"
248,"analysis"
249,"holdout"
250,"analysis"
251,"holdout"
252,"analysis"
253,"analysis"
254,"analysis"
255,"analysis"
256,"analysis"
257,"analysis"
258,"holdout"
259,"analysis"
260,"analysis"
261,"analysis"
262,"analysis"
263,"analysis"
264,"analysis"
265,"holdout"
266,"analysis"
267,"analysis"
268,"holdout"
269,"analysis"
270,"holdout"
271,"analysis"
272,"analysis"
273,"analysis"
274,"holdout"
275,"holdout"
276,"analysis"
277,"holdout"
278,"analysis"
279,"analysis"
280,"analysis"
281,"holdout"
282,"analysis"
283,"analysis"
284,"analysis"
285,"analysis"
286,"analysis"
287,"holdout"
288,"analysis"
289,"holdout"
290,"analysis"
291,"holdout"
292,"analysis"
293,"analysis"
294,"holdout"
295,"analysis"
296,"analysis"
297,"analysis"
298,"analysis"
299,"analysis"
300,"analysis"
301,"analysis"
302,"analysis"
303,"analysis"
304,"holdout"
305,"analysis"
306,"analysis"
307,"analysis"
308,"analysis"
309,"holdout"
310,"analysis"
311,"analysis"
312,"analysis"
313,"analysis"
314,"analysis"
315,"analysis"
316,"analysis"
317,"analysis"
318,"analysis"
319,"analysis"
320,"analysis"
321,"analysis"
322,"analysis"
323,"analysis"
324,"analysis"
325,"analysis"
326,"analysis"
327,"analysis"
328,"analysis"
329,"analysis"
330,"holdout"
331,"holdout"
332,"analysis"
333,"analysis"
334,"analysis"
335,"analysis"
336,"analysis"
337,"analysis"
338,"analysis"
339,"analysis"
340,"analysis"
341,"analysis"
342,"holdout"
343,"analysis"
344,"holdout"
345,"analysis"
346,"analysis"
347,"analysis"
348,"analysis"
349,"analysis"
350,"holdout"
351,"analysis"
352,"analysis"
353,"analysis"
354,"holdout"
355,"analysis"
356,"analysis"
357,"analysis"
358,"analysis"
359,"analysis"
360,"analysis"
361,"analysis"
362,"analysis"
363,"analysis"
364,"analysis"
365,"analysis"
366,"analysis"
367,"analysis"
368,"analysis"
369,"analysis"
370,"analysis"
371,"analysis"
372,"analysis"
373,"analysis"
374,"analysis"
375,"analysis"
376,"holdout"
377,"holdout"
378,"analysis"
379,"analysis"
380,"analysis"
381,"holdout"
382,"analysis"
383,"analysis"
384,"analysis"
385,"analysis"
386,"holdout"
387,"holdout"
388,"holdout"
389,"holdout"
390,"analysis"
391,"analysis"
392,"analysis"
393,"analysis"
394,"holdout"
395,"analysis"
396,"analysis"
397,"analysis"
398,"analysis"
399,"analysis"
400,"analysis"
401,"analysis"
402,"holdout"
403,"holdout"
404,"analysis"
405,"analysis"
406,"analysis"
407,"analysis"
408,"holdout"
409,"analysis"
410,"analysis"
411,"analysis"
412,"analysis"
413,"analysis"
414,"analysis"
415,"holdout"
416,"holdout"
417,"holdout"
418,"analysis"
419,"analysis"
420,"analysis"
421,"analysis"
422,"analysis"
423,"analysis"
424,"analysis"
425,"analysis"
426,"analysis"
427,"analysis"
428,"holdout"
429,"analysis"
430,"holdout"
431,"analysis"
432,"analysis"
433,"holdout"
434,"analysis"
435,"analysis"
436,"analysis"
437,"analysis"
438,"holdout"
439,"analysis"
440,"holdout"
441,"analysis"
442,"analysis"
443,"analysis"
444,"analysis"
445,"analysis"
446,"analysis"
447,"analysis"
448,"analysis"
449,"analysis"
450,"analysis"
451,"analysis"
452,"analysis"
453,"analysis"
454,"analysis"
455,"analysis"
456,"analysis"
457,"analysis"
458,"analysis"
459,"analysis"
460,"analysis"
461,"analysis"
462,"analysis"
463,"analysis"
464,"analysis"
465,"holdout"
466,"analysis"
467,"analysis"
468,"analysis"
469,"holdout"
470,"holdout"
471,"holdout"
472,"analysis"
473,"analysis"
474,"analysis"
475,"analysis"
476,"analysis"
477,"analysis"
478,"holdout"
479,"analysis"
480,"holdout"
481,"analysis"
482,"analysis"
483,"analysis"
484,"analysis"
485,"analysis"
486,"holdout"
487,"analysis"
488,"holdout"
489,"analysis"
490,"analysis"
491,"analysis"
492,"analysis"
493,"analysis"
494,"analysis"
495,"analysis"
496,"analysis"
497,"analysis"
498,"analysis"
499,"holdout"
500,"holdout"
501,"analysis"
502,"analysis"
503,"holdout"
504,"analysis"
505,"analysis"
506,"analysis"
507,"holdout"
508,"analysis"
509,"analysis"
510,"analysis"
511,"analysis"
512,"analysis"
513,"analysis"
514,"analysis"
515,"analysis"
516,"analysis"
517,"analysis"
518,"holdout"
519,"holdout"
520,"analysis"
521,"holdout"
522,"analysis"
523,"analysis"
524,"holdout"
525,"analysis"
526,"analysis"
527,"holdout"
528,"analysis"
529,"analysis"
530,"analysis"
531,"analysis"
532,"holdout"
533,"analysis"
534,"analysis"
535,"analysis"
536,"analysis"
537,"analysis"
538,"analysis"
539,"analysis"
540,"analysis"
541,"analysis"
542,"analysis"
543,"analysis"
544,"holdout"
545,"holdout"
546,"analysis"
547,"analysis"
548,"holdout"
549,"analysis"
550,"analysis"
551,"analysis"
552,"holdout"
553,"analysis"
554,"analysis"
555,"analysis"
556,"holdout"
557,"analysis"
558,"analysis"
559,"analysis"
560,"analysis"
561,"analysis"
562,"holdout"
563,"holdout"
564,"analysis"
565,"holdout"
566,"analysis"
567,"analysis"
568,"analysis"
569,"analysis"
570,"analysis"
571,"analysis"
572,"holdout"
573,"analysis"
574,"holdout"
575,"analysis"
576,"analysis"
577,"analysis"
578,"analysis"
579,"analysis"
580,"analysis"
581,"analysis"
582,"analysis"
583,"analysis"
584,"analysis"
585,"holdout"
586,"analysis"
587,"analysis"
588,"holdout"
589,"analysis"
590,"analysis"
591,"analysis"
592,"holdout"
593,"analysis"
594,"analysis"
595,"holdout"
596,"analysis"
597,"holdout"
598,"analysis"
599,"analysis"
600,"holdout"
601,"holdout"
602,"analysis"
603,"analysis"
604,"holdout"
605,"holdout"
606,"analysis"
607,"analysis"
608,"analysis"
609,"analysis"
610,"analysis"
611,"analysis"
612,"analysis"
613,"holdout"
614,"analysis"
615,"analysis"
616,"analysis"
617,"analysis"
618,"analysis"
619,"analysis"
620,"analysis"
621,"holdout"
622,"holdout"
623,"holdout"
624,"analysis"
625,"holdout"
626,"analysis"
627,"analysis"
628,"analysis"
629,"analysis"
630,"analysis"
631,"analysis"
632,"analysis"
633,"analysis"
634,"analysis"
635,"analysis"
636,"holdout"
637,"holdout"
638,"holdout"
639,"analysis"
640,"analysis"
641,"analysis"
642,"analysis"
643,"analysis"
644,"analysis"
645,"analysis"
646,"analysis"
647,"analysis"
648,"analysis"
649,"analysis"
650,"analysis"
651,"analysis"
652,"holdout"
653,"analysis"
654,"analysis"
655,"holdout"
656,"analysis"
657,"analysis"
658,"analysis"
659,"analysis"
660,"analysis"
661,"analysis"
662,"analysis"
663,"analysis"
664,"analysis"
665,"analysis"
666,"holdout"
667,"analysis"
668,"analysis"
669,"analysis"
670,"holdout"
671,"holdout"
672,"analysis"
673,"holdout"
674,"analysis"
675,"analysis"
676,"analysis"
677,"analysis"
678,"holdout"
679,"analysis"
680,"analysis"
681,"holdout"
682,"holdout"
683,"analysis"
684,"analysis"
685,"holdout"
686,"analysis"
687,"analysis"
688,"holdout"
689,"analysis"
690,"analysis"
691,"analysis"
692,"analysis"
693,"analysis"
694,"analysis"
695,"analysis"
696,"analysis"
697,"analysis"
698,"holdout"
699,"analysis"
700,"analysis"
701,"analysis"
702,"analysis"
703,"analysis"
704,"analysis"
705,"analysis"
706,"analysis"
707,"analysis"
708,"analysis"
709,"analysis"
710,"analysis"
711,"analysis"
712,"holdout"
713,"holdout"
714,"analysis"
715,"analysis"
716,"holdout"
717,"holdout"
718,"analysis"
719,"analysis"
720,"analysis"
721,"analysis"
722,"analysis"
723,"holdout"
724,"analysis"
725,"analysis"
726,"holdout"
727,"analysis"
728,"holdout"
729,"analysis"
730,"analysis"
731,"analysis"
732,"holdout"
733,"analysis"
734,"analysis"
735,"analysis"
736,"analysis"
737,"analysis"
738,"analysis"
739,"analysis"
740,"analysis"
741,"analysis"
742,"analysis"
743,"analysis"
744,"analysis"
745,"holdout"
746,"analysis"
747,"analysis"
748,"analysis"
749,"analysis"
750,"analysis"
751,"analysis"
752,"analysis"
753,"holdout"
754,"analysis"
755,"analysis"
756,"analysis"
757,"analysis"
758,"analysis"
759,"analysis"
760,"analysis"
761,"analysis"
762,"analysis"
763,"holdout"
764,"analysis"
765,"analysis"
766,"analysis"
767,"analysis"
768,"holdout"
769,"analysis"
770,"holdout"
771,"holdout"
772,"analysis"
773,"analysis"
774,"analysis"
775,"analysis"
776,"holdout"
777,"analysis"
778,"analysis"
779,"analysis"
780,"analysis"
781,"analysis"
782,"analysis"
783,"analysis"
784,"analysis"
785,"analysis"
786,"analysis"
787,"holdout"
788,"analysis"
789,"analysis"
790,"analysis"
791,"analysis"
792,"analysis"
793,"analysis"
794,"holdout"
795,"holdout"
796,"analysis"
797,"analysis"
798,"analysis"
799,"analysis"
800,"analysis"
801,"holdout"
802,"analysis"
803,"analysis"
804,"holdout"
805,"analysis"
806,"analysis"
807,"analysis"
808,"analysis"
809,"analysis"
810,"holdout"
811,"analysis"
812,"analysis"
813,"analysis"
814,"analysis"
815,"analysis"
816,"analysis"
817,"analysis"
818,"analysis"
819,"holdout"
820,"analysis"
821,"analysis"
822,"analysis"
823,"analysis"
824,"analysis"
825,"analysis"
826,"analysis"
827,"analysis"
828,"holdout"
829,"analysis"
830,"analysis"
831,"analysis"
832,"holdout"
833,"analysis"
834,"analysis"
835,"analysis"
836,"analysis"
837,"analysis"
838,"analysis"
839,"analysis"
840,"analysis"
841,"analysis"
842,"analysis"
843,"analysis"
844,"analysis"
845,"analysis"
846,"analysis"
847,"analysis"
848,"analysis"
849,"analysis"
850,"analysis"
851,"holdout"
852,"analysis"
853,"analysis"
854,"analysis"
855,"analysis"
856,"holdout"
857,"holdout"
858,"analysis"
859,"holdout"
860,"analysis"
861,"analysis"
862,"analysis"
863,"analysis"
864,"analysis"
865,"holdout"
866,"analysis"
867,"analysis"
868,"analysis"
869,"analysis"
870,"analysis"
871,"analysis"
872,"analysis"
873,"analysis"
874,"analysis"
875,"analysis"
876,"analysis"
877,"analysis"
878,"analysis"
879,"analysis"
880,"analysis"
881,"analysis"
882,"analysis"
883,"analysis"
884,"analysis"
885,"holdout"
886,"analysis"
887,"analysis"
888,"analysis"
889,"analysis"
890,"analysis"
891,"analysis"
892,"analysis"
893,"analysis"
894,"analysis"
895,"analysis"
896,"analysis"
897,"analysis"
898,"analysis"
899,"analysis"
900,"analysis"
901,"analysis"
902,"analysis"
903,"holdout"
904,"analysis"
905,"analysis"
906,"analysis"
907,"analysis"
908,"analysis"
909,"analysis"
910,"holdout"
911,"holdout"
912,"analysis"
913,"analysis"
914,"analysis"
915,"analysis"
916,"analysis"
917,"analysis"
918,"analysis"
919,"analysis"
920,"analysis"
921,"analysis"
922,"holdout"
923,"analysis"
924,"holdout"
925,"holdout"
926,"analysis"
927,"analysis"
928,"analysis"
929,"analysis"
930,"holdout"
931,"analysis"
932,"analysis"
933,"analysis"
934,"holdout"
935,"analysis"
936,"analysis"
937,"analysis"
938,"holdout"
939,"analysis"
940,"holdout"
941,"analysis"
942,"analysis"
943,"analysis"
944,"analysis"
945,"analysis"
946,"analysis"
947,"analysis"
948,"analysis"
949,"analysis"
950,"analysis"
951,"analysis"
952,"analysis"
953,"holdout"
954,"analysis"
955,"analysis"
956,"holdout"
957,"analysis"
958,"holdout"
959,"holdout"
960,"holdout"
961,"analysis"
962,"analysis"
963,"analysis"
964,"analysis"
965,"holdout"
966,"holdout"
967,"analysis"
968,"analysis"
969,"holdout"
970,"holdout"
971,"holdout"
972,"analysis"
973,"analysis"
974,"analysis"
975,"analysis"
976,"analysis"
977,"analysis"
978,"analysis"
979,"holdout"
980,"analysis"
981,"analysis"
982,"analysis"
983,"analysis"
984,"holdout"
985,"analysis"
986,"analysis"
987,"analysis"
988,"analysis"
989,"analysis"
990,"holdout"
991,"analysis"
992,"analysis"
993,"analysis"
994,"holdout"
995,"holdout"
996,"analysis"
997,"analysis"
998,"analysis"
999,"analysis"
1000,"analysis"
1001,"analysis"
1002,"analysis"
1003,"analysis"
1004,"analysis"
1005,"analysis"
1006,"analysis"
1007,"analysis"
1008,"analysis"
1009,"analysis"
1010,"holdout"
1011,"analysis"
1012,"analysis"
1013,"analysis"
1014,"analysis"
1015,"analysis"
1016,"analysis"
1017,"analysis"
1018,"analysis"
1019,"analysis"
1020,"analysis"
1021,"holdout"
1022,"analysis"
1023,"holdout"
1024,"analysis"
1025,"analysis"
1026,"analysis"
1027,"analysis"
1028,"analysis"
1029,"analysis"
1030,"analysis"
1031,"analysis"
1032,"analysis"
1033,"holdout"
1034,"analysis"
1035,"analysis"
1036,"analysis"
1037,"holdout"
1038,"analysis"
1039,"analysis"
1040,"analysis"
1041,"analysis"
1042,"holdout"
1043,"analysis"
1044,"analysis"
1045,"analysis"
1046,"analysis"
1047,"analysis"
1048,"analysis"
1049,"analysis"
1050,"analysis"
1051,"analysis"
1052,"holdout"
1053,"analysis"
1054,"analysis"
1055,"holdout"
1056,"analysis"
1057,"analysis"
1058,"analysis"
1059,"analysis"
1060,"analysis"
1061,"analysis"
1062,"analysis"
1063,"holdout"
1064,"analysis"
1065,"holdout"
1066,"holdout"
1067,"holdout"
1068,"analysis"
1069,"analysis"
1070,"analysis"
1071,"holdout"
1072,"holdout"
1073,"analysis"
1074,"analysis"
1075,"analysis"
1076,"analysis"
1077,"analysis"
1078,"analysis"
1079,"analysis"
1080,"analysis"
1081,"analysis"
1082,"holdout"
1083,"analysis"
1084,"analysis"
1085,"analysis"
1086,"analysis"
1087,"analysis"
1088,"analysis"
1089,"analysis"
1090,"analysis"
1091,"analysis"
1092,"analysis"
1093,"holdout"
1094,"holdout"
1095,"holdout"
1096,"holdout"
1097,"analysis"
1098,"analysis"
1099,"analysis"
1100,"analysis"
1101,"analysis"
1102,"holdout"
1103,"analysis"
1104,"holdout"
1105,"analysis"
1106,"analysis"
1107,"analysis"
1108,"analysis"
1109,"analysis"
1110,"analysis"
1111,"analysis"
1112,"analysis"
1113,"analysis"
1114,"analysis"
1115,"holdout"
1116,"analysis"
1117,"analysis"
1118,"holdout"
1119,"analysis"
1120,"analysis"
1121,"analysis"
1122,"analysis"
1123,"holdout"
1124,"analysis"
1125,"analysis"
1126,"analysis"
1127,"holdout"
1128,"holdout"
1129,"analysis"
1130,"analysis"
1131,"analysis"
1132,"analysis"
1133,"analysis"
1134,"holdout"
1135,"analysis"
1136,"analysis"
1137,"analysis"
1138,"analysis"
1139,"analysis"
1140,"analysis"
1141,"holdout"
1142,"analysis"
1143,"analysis"
1144,"analysis"
1145,"analysis"
1146,"analysis"
1147,"analysis"
1148,"analysis"
1149,"analysis"
1150,"analysis"
1151,"analysis"
1152,"holdout"
1153,"holdout"
1154,"analysis"
1155,"analysis"
1156,"analysis"
1157,"analysis"
1158,"analysis"
1159,"analysis"
1160,"analysis"
1161,"analysis"
1162,"analysis"
1163,"analysis"
1164,"analysis"
1165,"holdout"
1166,"holdout"
1167,"holdout"
1168,"holdout"
1169,"holdout"
1170,"analysis"
1171,"holdout"
1172,"analysis"
1173,"analysis"
1174,"analysis"
1175,"analysis"
1176,"analysis"
1177,"analysis"
1178,"holdout"
1179,"holdout"
1180,"analysis"
1181,"analysis"
1182,"analysis"
1183,"holdout"
1184,"holdout"
1185,"analysis"
1186,"analysis"
1187,"analysis"
1188,"analysis"
1189,"holdout"
1190,"analysis"
1191,"analysis"
1192,"holdout"
1193,"analysis"
1194,"analysis"
1195,"analysis"
1196,"analysis"
1197,"holdout"
1198,"analysis"
1199,"analysis"
1200,"holdout"
1201,"analysis"
1202,"analysis"
1203,"analysis"
1204,"analysis"
1205,"analysis"
1206,"analysis"
1207,"analysis"
1208,"analysis"
1209,"analysis"
1210,"holdout"
1211,"analysis"
1212,"analysis"
1213,"analysis"
1214,"analysis"
1215,"analysis"
1216,"analysis"
1217,"analysis"
1218,"analysis"
1219,"analysis"
1220,"analysis"
1221,"holdout"
1222,"analysis"
1223,"analysis"
1224,"analysis"
1225,"holdout"
1226,"analysis"
1227,"analysis"
1228,"analysis"
1229,"analysis"
1230,"analysis"
1231,"analysis"
1232,"holdout"
1233,"analysis"
1234,"holdout"
1235,"analysis"
1236,"analysis"
1237,"analysis"
1238,"analysis"
1239,"analysis"
1240,"analysis"
1241,"analysis"
1242,"analysis"
1243,"analysis"
1244,"analysis"
1245,"analysis"
1246,"analysis"
1247,"analysis"
1248,"analysis"
1249,"analysis"
1250,"analysis"
1251,"analysis"
1252,"analysis"
1253,"analysis"
1254,"analysis"
1255,"holdout"
1256,"holdout"
1257,"analysis"
1258,"analysis"
1259,"analysis"
1260,"holdout"
1261,"holdout"
1262,"analysis"
1263,"holdout"
1264,"analysis"
1265,"analysis"
1266,"analysis"
1267,"analysis"
1268,"analysis"
1269,"analysis"
1270,"analysis"
1271,"holdout"
1272,"analysis"
1273,"holdout"
1274,"analysis"
1275,"analysis"
1276,"analysis"
1277,"analysis"
1278,"analysis"
1279,"analysis"
1280,"analysis"
1281,"analysis"
1282,"analysis"
1283,"analysis"
1284,"holdout"
1285,"analysis"
1286,"analysis"
1287,"analysis"
1288,"analysis"
1289,"holdout"
1290,"analysis"
1291,"analysis"
1292,"analysis"
1293,"analysis"
1294,"holdout"
1295,"analysis"
1296,"analysis"
1297,"analysis"
1298,"holdout"
1299,"excluded_training_outlier"
1300,"holdout"
1301,"analysis"
1302,"analysis"
1303,"analysis"
1304,"analysis"
1305,"analysis"
1306,"analysis"
1307,"analysis"
1308,"analysis"
1309,"holdout"
1310,"analysis"
1311,"holdout"
1312,"analysis"
1313,"analysis"
1314,"analysis"
1315,"analysis"
1316,"analysis"
1317,"analysis"
1318,"analysis"
1319,"analysis"
1320,"holdout"
1321,"analysis"
1322,"analysis"
1323,"analysis"
1324,"analysis"
1325,"analysis"
1326,"analysis"
1327,"analysis"
1328,"analysis"
1329,"analysis"
1330,"analysis"
1331,"analysis"
1332,"analysis"
1333,"analysis"
1334,"holdout"
1335,"holdout"
1336,"holdout"
1337,"analysis"
1338,"analysis"
1339,"holdout"
1340,"analysis"
1341,"analysis"
1342,"analysis"
1343,"analysis"
1344,"holdout"
1345,"analysis"
1346,"analysis"
1347,"holdout"
1348,"analysis"
1349,"analysis"
1350,"analysis"
1351,"holdout"
1352,"analysis"
1353,"analysis"
1354,"analysis"
1355,"analysis"
1356,"holdout"
1357,"holdout"
1358,"holdout"
1359,"analysis"
1360,"analysis"
1361,"analysis"
1362,"analysis"
1363,"analysis"
1364,"analysis"
1365,"analysis"
1366,"analysis"
1367,"analysis"
1368,"analysis"
1369,"analysis"
1370,"analysis"
1371,"analysis"
1372,"analysis"
1373,"analysis"
1374,"holdout"
1375,"analysis"
1376,"analysis"
1377,"analysis"
1378,"analysis"
1379,"analysis"
1380,"analysis"
1381,"analysis"
1382,"analysis"
1383,"analysis"
1384,"analysis"
1385,"analysis"
1386,"analysis"
1387,"analysis"
1388,"holdout"
1389,"analysis"
1390,"holdout"
1391,"analysis"
1392,"analysis"
1393,"analysis"
1394,"analysis"
1395,"analysis"
1396,"analysis"
1397,"analysis"
1398,"analysis"
1399,"analysis"
1400,"analysis"
1401,"analysis"
1402,"analysis"
1403,"analysis"
1404,"analysis"
1405,"analysis"
1406,"holdout"
1407,"analysis"
1408,"analysis"
1409,"analysis"
1410,"holdout"
1411,"analysis"
1412,"analysis"
1413,"analysis"
1414,"holdout"
1415,"analysis"
1416,"holdout"
1417,"analysis"
1418,"holdout"
1419,"analysis"
1420,"holdout"
1421,"analysis"
1422,"analysis"
1423,"holdout"
1424,"analysis"
1425,"analysis"
1426,"holdout"
1427,"analysis"
1428,"holdout"
1429,"analysis"
1430,"holdout"
1431,"holdout"
1432,"analysis"
1433,"analysis"
1434,"analysis"
1435,"analysis"
1436,"analysis"
1437,"analysis"
1438,"analysis"
1439,"analysis"
1440,"holdout"
1441,"analysis"
1442,"analysis"
1443,"analysis"
1444,"analysis"
1445,"analysis"
1446,"holdout"
1447,"analysis"
1448,"analysis"
1449,"analysis"
1450,"analysis"
1451,"holdout"
1452,"analysis"
1453,"analysis"
1454,"analysis"
1455,"analysis"
1456,"analysis"
1457,"analysis"
1458,"analysis"
1459,"analysis"
1460,"analysis"
